J_N,P_1,P_2,P_3,P_4,P_5,P_6,P_7,P_8,P_9,P_10,P_11,P_12,P_13,P_14,P_15,P_16,P_17,P_18,P_19,P_20
1,83,59,49,84,35,68,58,66,44,2,63,25,70,1,84,56,35,46,81,58
2,11,67,45,86,91,60,61,6,95,18,7,73,3,92,30,93,7,37,14,9
3,34,5,2,72,26,55,24,61,28,98,3,1,28,92,39,26,91,41,6,92
4,9,77,47,45,82,20,86,88,18,83,22,73,92,84,68,55,65,10,64,60
5,62,75,29,81,89,34,34,24,98,95,60,23,54,72,3,82,41,49,97,49
6,80,95,51,96,24,15,90,73,99,68,96,67,96,56,23,38,97,44,41,83
7,8,92,66,59,31,63,2,13,32,39,53,24,85,25,53,90,49,42,54,1
8,10,68,86,26,64,30,78,71,95,17,92,30,41,54,12,4,17,60,54,83
9,24,23,46,39,32,40,52,36,83,23,18,92,95,67,31,25,69,46,51,93
10,54,81,37,52,66,2,96,95,44,91,83,67,22,44,1,21,45,37,71,50
11,52,19,8,85,64,32,22,37,54,96,92,58,16,86,57,3,68,94,17,30
12,29,8,89,33,14,99,84,78,5,76,61,95,21,9,95,56,27,75,42,5
13,57,30,52,90,58,10,43,7,80,16,10,92,56,21,76,15,95,10,64,68
14,46,77,23,33,4,66,5,52,2,34,24,89,46,35,10,24,53,98,19,49
15,91,95,1,90,75,59,36,57,73,39,82,7,27,1,39,21,70,14,12,69
16,33,13,76,33,65,24,50,39,41,70,47,89,32,49,71,31,13,68,65,93
17,55,81,36,28,94,85,20,94,77,20,74,32,68,24,1,75,16,79,82,35
18,78,89,63,41,19,68,87,6,51,1,48,75,5,47,92,45,52,21,27,84
19,90,4,70,36,46,78,60,67,39,71,61,75,13,69,76,4,54,97,29,59
20,44,89,36,25,32,77,72,39,81,58,49,56,22,46,15,58,53,27,56,11
21,25,66,4,23,78,29,16,69,26,68,95,56,31,10,83,74,3,8,24,68
22,19,29,94,24,86,16,64,39,20,57,15,34,68,82,57,13,57,86,72,33
23,46,84,16,12,22,73,31,90,57,94,23,51,17,73,23,34,48,83,32,35
24,6,32,10,62,74,82,51,51,51,71,28,27,87,22,33,45,44,96,81,53
25,43,42,66,75,65,83,64,21,6,53,1,67,80,25,37,71,17,48,43,12
26,90,67,42,71,13,98,24,77,69,90,80,73,54,13,29,25,62,11,44,13
27,73,67,52,6,30,25,73,86,53,19,84,52,80,63,21,2,78,29,44,90
28,99,6,72,67,69,50,2,53,31,61,81,94,23,89,21,75,99,51,68,97
29,48,70,62,60,74,98,26,96,10,68,36,6,24,4,12,29,46,79,28,79
30,54,41,61,56,42,59,95,46,43,1,49,42,2,32,55,2,57,60,76,40
31,79,43,79,50,51,23,12,38,80,65,42,91,76,74,36,27,47,44,10,69
32,33,65,93,44,80,83,54,91,87,37,71,3,33,38,80,91,79,55,90,5
33,76,18,19,57,71,86,59,17,21,42,2,51,84,22,7,17,52,84,16,28
34,23,48,68,91,76,92,39,12,15,42,5,5,85,78,75,81,51,35,70,87
35,2,37,30,14,44,68,22,24,13,80,50,89,12,45,36,30,28,56,58,60
36,92,34,2,35,82,60,76,3,89,8,97,23,26,49,66,37,55,72,70,63
37,72,41,53,83,4,68,40,80,17,90,57,81,24,26,35,13,38,59,46,38
38,72,65,50,92,88,11,83,87,42,57,87,83,43,98,47,74,61,3,81,18
39,13,44,84,19,69,23,32,30,26,64,55,27,52,17,97,21,73,45,31,49
40,38,80,48,54,54,38,39,49,29,98,86,20,23,22,81,38,98,96,90,14
41,70,48,93,86,21,97,7,68,5,13,26,79,94,25,50,31,37,83,41,7
42,93,75,33,46,14,17,70,63,38,63,45,99,41,12,64,34,12,54,66,31
43,60,97,95,41,71,88,91,92,99,52,69,79,30,3,55,59,88,28,71,73
44,53,97,53,29,64,19,15,79,99,39,72,82,77,25,96,92,98,79,31,19
45,56,6,63,50,67,80,60,36,10,14,44,81,54,20,67,25,49,78,75,3
46,83,73,22,4,30,27,76,54,48,82,89,8,80,26,98,97,10,66,76,77
47,75,99,70,75,16,69,52,21,23,28,56,5,78,72,56,23,30,51,27,38
48,96,25,56,67,77,61,55,87,20,60,40,23,17,24,37,52,46,96,19,46
49,34,9,13,74,4,5,41,3,61,28,48,63,37,58,6,91,35,95,98,90
50,50,26,10,75,93,9,92,55,63,51,33,60,91,51,96,18,75,73,50,62
51,28,41,92,57,10,5,85,41,98,12,62,39,53,51,81,56,39,5,90,65
52,83,57,47,37,10,13,1,98,35,17,59,86,16,66,1,19,10,1,59,67
53,24,69,87,87,95,44,8,42,21,39,75,79,73,21,8,87,66,25,58,91
54,45,29,95,55,62,97,77,2,43,68,94,20,61,78,65,70,42,69,59,38
55,79,55,65,61,85,36,31,80,1,62,73,31,62,13,27,28,52,71,76,73
56,8,75,10,65,39,50,15,46,6,16,87,31,78,33,81,1,86,16,64,55
57,45,51,66,28,56,42,93,5,99,16,76,32,29,33,23,65,52,99,91,12
58,57,91,8,79,61,54,47,93,39,62,6,63,28,4,84,60,70,22,76,61
59,97,40,40,86,97,45,31,56,95,30,87,23,71,61,92,1,5,92,26,15
60,24,58,62,41,11,17,45,73,2,57,65,51,75,59,97,88,52,8,59,71
61,18,68,70,85,8,96,82,34,76,45,99,39,26,76,45,77,97,3,5,53
62,12,60,53,51,17,41,25,90,21,65,34,51,60,51,67,97,40,24,22,29
63,29,36,91,68,64,2,6,65,44,50,21,64,6,99,44,13,42,12,15,42
64,32,59,29,75,54,93,41,10,63,70,84,23,9,39,9,23,68,65,9,64
65,83,26,3,37,66,63,10,83,80,45,16,82,12,85,30,2,7,13,35,46
66,21,29,50,5,6,6,88,50,50,65,68,71,45,51,52,53,37,1,9,41
67,88,55,65,97,94,73,47,8,74,43,98,13,8,32,53,70,70,37,52,21
68,41,31,53,34,88,96,69,92,35,3,53,92,54,21,90,68,23,16,39,25
69,35,49,2,34,89,36,81,29,99,96,5,28,97,11,79,91,65,5,94,94
70,84,34,56,77,31,97,80,88,33,73,71,37,78,81,71,50,46,90,22,25
71,78,93,11,53,57,3,52,4,99,24,10,41,9,27,19,90,55,43,5,9
72,20,46,57,63,70,64,55,30,26,6,70,48,91,97,77,94,88,75,52,77
73,35,41,48,97,73,73,67,19,72,82,79,45,28,64,22,65,79,14,29,36
74,55,54,86,10,73,32,61,50,33,81,57,99,12,49,37,72,90,60,6,66
75,35,34,97,23,69,56,38,15,67,75,52,91,55,56,73,80,88,25,20,65
76,65,76,6,39,91,84,14,13,32,29,23,12,33,59,40,21,8,82,73,77
77,53,21,5,41,93,28,37,76,43,32,17,11,72,32,47,68,90,65,63,60
78,91,81,76,44,30,84,54,26,19,93,83,7,44,8,5,66,58,98,81,36
79,33,56,85,15,38,64,24,73,19,26,59,12,14,22,38,65,58,92,40,52
80,92,12,82,41,51,46,7,30,26,89,62,81,82,85,70,34,15,98,97,48
81,11,10,73,50,3,16,24,88,94,11,58,4,66,58,42,69,98,50,25,46
82,87,97,84,49,82,3,76,77,35,41,56,31,50,56,75,42,37,94,3,14
83,88,77,64,42,7,84,16,20,56,7,47,2,49,53,65,76,82,12,41,94
84,84,99,61,28,59,64,51,77,26,43,72,63,68,4,86,87,77,8,47,38
85,7,40,96,7,82,61,89,76,35,97,95,5,4,11,83,65,86,14,17,34
86,51,72,74,35,92,53,19,90,35,47,49,34,68,46,80,30,71,31,50,70
87,31,71,45,75,40,87,55,21,18,21,1,5,17,83,58,68,66,89,35,67
88,85,13,46,96,90,31,75,88,18,80,48,74,55,68,88,85,55,6,82,82
89,89,52,29,38,90,70,4,86,48,59,75,38,37,46,40,23,19,3,35,71
90,64,60,86,14,61,87,47,83,66,78,90,80,80,58,8,14,43,4,1,3
91,5,61,23,57,67,49,88,23,12,3,29,69,52,13,16,2,13,50,46,73
92,85,86,48,71,83,17,17,18,34,7,2,41,34,37,7,88,59,56,63,50
93,59,49,81,13,29,19,5,77,71,11,68,90,62,96,70,31,55,80,55,85
94,85,88,97,58,83,47,84,95,62,72,75,40,52,79,48,53,5,38,44,28
95,4,16,82,45,65,35,58,31,45,12,58,51,43,12,48,38,72,93,11,94
96,42,49,84,90,16,78,83,82,7,99,22,14,63,81,78,7,31,14,59,33
97,14,67,66,24,75,85,62,59,65,74,58,18,90,81,53,24,8,17,99,62
98,68,93,19,51,36,85,66,7,51,89,11,70,2,11,49,41,68,80,51,2
99,92,16,6,22,93,89,29,34,62,19,61,18,91,16,27,4,69,2,7,83
100,16,19,32,39,19,51,11,31,23,72,49,71,33,73,3,54,37,24,17,60