J_N,M_1,M_2,M_3,M_4,M_5,M_6,M_7,M_8,M_9,M_10,M_11,M_12,M_13,M_14,M_15,M_16,M_17,M_18,M_19,M_20
1,12,8,19,16,1,9,20,7,14,15,18,3,5,2,17,4,10,6,13,11
2,1,15,8,2,12,17,7,5,9,6,14,19,10,18,16,13,20,11,3,4
3,16,5,11,15,6,14,10,20,9,17,8,13,12,2,4,7,1,3,19,18
4,1,6,12,8,7,11,5,19,4,9,15,10,18,3,20,14,2,17,16,13
5,4,11,2,14,19,20,6,12,7,18,9,15,10,17,5,13,3,1,16,8
6,4,2,18,17,3,6,15,13,12,8,14,20,16,11,1,7,19,9,10,5
7,18,14,19,2,10,9,12,5,17,6,4,11,3,13,15,1,7,8,20,16
8,20,15,17,18,8,10,12,3,16,4,19,6,13,7,2,5,9,14,11,1
9,11,4,6,9,15,5,17,3,18,16,19,8,13,10,20,14,1,12,2,7
10,16,3,8,12,13,5,18,9,1,11,15,6,10,7,4,20,14,2,19,17
11,17,5,2,18,6,13,16,1,15,14,19,3,20,12,4,8,9,10,11,7
12,16,7,8,4,20,14,15,1,13,12,18,3,5,17,2,19,11,9,10,6
13,11,1,8,14,5,18,3,16,15,13,6,10,19,17,20,4,2,9,12,7
14,9,3,8,17,19,13,12,20,16,5,15,10,4,18,7,6,11,2,14,1
15,19,12,14,17,18,7,1,15,13,4,16,3,9,20,5,8,11,6,10,2
16,14,13,10,1,18,16,2,20,7,8,6,19,15,5,17,12,3,11,4,9
17,14,19,10,5,2,9,18,17,6,15,20,16,4,11,8,3,7,1,13,12
18,14,11,13,1,20,15,19,9,6,4,12,2,10,3,17,18,7,8,16,5
19,11,5,4,18,14,2,3,1,13,7,8,16,9,17,10,12,19,6,20,15
20,19,7,10,14,20,15,4,6,13,2,5,18,8,9,3,11,17,12,16,1
21,16,14,2,5,20,15,19,6,9,17,11,13,7,18,8,12,4,3,1,10
22,10,18,6,19,9,13,15,14,1,11,7,12,2,8,5,4,20,16,3,17
23,2,8,18,12,10,15,19,3,16,1,5,20,11,6,13,7,17,9,4,14
24,20,11,14,19,8,13,12,16,4,17,10,5,1,7,3,15,18,6,2,9
25,7,10,18,3,12,17,5,2,14,1,11,13,19,16,6,15,20,9,4,8
26,11,2,15,8,16,5,14,3,6,18,1,9,19,7,13,12,10,17,4,20
27,9,13,14,8,6,7,20,12,4,2,10,16,18,17,11,5,15,3,19,1
28,18,19,2,9,17,8,6,1,12,10,5,16,13,20,3,4,14,15,7,11
29,7,9,8,1,17,6,19,14,10,2,3,4,15,18,11,20,16,13,5,12
30,11,16,8,14,10,3,9,7,2,18,12,20,6,13,5,15,4,17,1,19
31,18,2,5,12,14,15,10,20,7,8,16,11,1,19,9,6,4,3,13,17
32,11,8,14,9,10,4,13,16,7,18,20,19,5,15,17,3,2,1,12,6
33,15,9,8,6,14,11,7,3,19,17,16,10,4,5,12,20,1,2,18,13
34,10,14,17,7,11,20,13,5,18,4,6,19,12,16,8,2,1,9,3,15
35,10,13,7,9,12,11,4,5,16,8,15,18,2,19,20,3,6,17,14,1
36,13,14,12,2,11,15,20,8,7,10,9,3,6,19,1,18,16,4,5,17
37,2,16,13,19,11,10,14,4,9,8,6,3,20,1,15,7,5,18,17,12
38,15,12,3,10,11,14,16,19,4,8,18,17,6,5,2,13,7,1,9,20
39,15,2,14,9,7,11,8,1,10,20,17,5,16,18,3,19,4,13,12,6
40,3,6,17,19,1,8,14,4,5,20,9,13,18,16,15,7,2,12,11,10
41,10,13,7,20,3,12,2,18,14,9,8,16,5,19,11,17,1,6,4,15
42,15,12,4,10,7,18,5,14,20,17,11,1,8,16,19,13,6,2,3,9
43,13,19,7,8,14,2,20,1,11,10,16,18,12,9,6,4,17,3,15,5
44,19,2,11,5,8,3,15,14,4,17,13,6,7,12,20,16,18,9,10,1
45,8,5,7,17,13,2,19,1,9,18,20,6,14,4,11,3,15,12,10,16
46,17,5,2,3,1,18,7,9,10,4,13,11,8,19,14,12,6,20,15,16
47,18,4,3,5,9,20,17,7,16,2,11,6,8,14,13,19,1,15,10,12
48,17,18,5,14,19,16,8,6,1,15,9,7,10,11,2,4,13,20,12,3
49,4,9,8,16,10,13,18,5,3,6,12,15,7,2,14,11,1,17,19,20
50,4,1,18,11,5,14,19,8,10,16,3,15,6,7,9,13,20,12,17,2
51,13,9,7,12,4,17,11,20,2,8,16,10,3,15,14,5,1,18,19,6
52,18,4,3,8,2,11,7,15,20,12,14,9,5,1,6,19,17,10,16,13
53,2,9,8,12,16,15,11,7,10,14,18,6,5,17,19,4,3,20,13,1
54,5,12,9,18,4,14,10,3,1,2,6,17,16,11,13,7,15,8,19,20
55,19,7,18,12,4,14,10,16,9,13,6,11,3,20,17,8,15,1,5,2
56,14,20,8,10,3,12,15,1,17,16,2,11,5,6,4,18,19,7,9,13
57,12,9,11,17,13,8,16,5,15,18,20,2,6,10,3,7,19,4,14,1
58,5,18,7,11,17,8,3,20,12,14,4,2,9,6,1,13,16,19,15,10
59,18,3,8,5,10,16,20,17,6,13,12,4,2,1,9,7,11,15,19,14
60,13,5,20,6,18,7,15,12,1,19,9,3,14,8,2,11,4,16,17,10
61,8,20,13,4,16,11,3,6,1,10,19,18,2,9,7,12,17,15,14,5
62,8,9,5,4,19,20,12,15,7,1,17,6,18,10,11,13,16,2,3,14
63,18,14,20,7,4,19,13,10,17,9,6,2,8,15,12,5,16,3,1,11
64,17,3,12,8,13,15,10,18,1,11,5,2,7,14,20,9,6,4,16,19
65,17,10,8,19,12,9,5,4,3,16,2,1,20,6,11,13,14,15,18,7
66,5,2,18,7,9,14,20,1,15,10,4,13,11,6,19,8,17,16,3,12
67,13,7,17,1,3,20,5,9,8,15,6,4,19,12,16,11,14,18,2,10
68,16,19,12,14,20,8,2,3,17,9,15,18,5,10,13,11,4,7,6,1
69,3,14,12,13,5,18,8,15,7,9,6,4,16,17,20,19,10,2,11,1
70,10,7,8,9,15,3,4,5,19,17,16,13,1,14,11,20,18,12,6,2
71,10,3,13,16,9,14,2,20,6,17,15,8,5,11,12,19,18,7,1,4
72,7,19,12,9,5,8,20,10,6,3,18,16,1,2,17,11,14,4,13,15
73,13,17,9,20,18,1,15,7,19,2,6,5,10,14,8,16,4,3,12,11
74,11,2,3,9,8,13,5,20,17,6,7,15,10,4,19,18,12,16,1,14
75,8,15,13,6,11,14,4,17,3,2,5,20,16,1,12,19,10,18,7,9
76,2,14,18,1,20,13,16,17,11,19,5,7,6,3,15,4,9,12,8,10
77,14,5,8,10,9,19,3,20,13,7,18,15,1,17,6,16,12,2,11,4
78,15,4,2,5,18,8,17,1,9,12,11,7,13,19,6,14,10,3,16,20
79,13,14,12,19,10,9,3,5,6,1,15,7,11,18,8,2,4,16,17,20
80,19,6,8,4,20,12,2,14,10,9,7,3,15,13,5,17,1,18,11,16
81,7,17,11,20,14,1,16,10,13,9,18,8,5,19,15,6,3,2,12,4
82,18,16,11,14,12,19,10,2,6,1,8,5,13,17,15,4,3,9,20,7
83,3,4,9,2,14,16,20,8,7,11,6,15,1,5,12,18,10,13,17,19
84,16,6,2,12,17,1,5,8,14,19,9,18,13,10,7,11,4,3,20,15
85,7,1,4,15,13,10,9,17,5,19,14,2,11,8,6,20,16,3,12,18
86,3,11,20,14,12,1,18,5,13,10,6,19,2,7,15,9,8,17,4,16
87,8,11,5,7,13,16,17,18,12,10,2,3,20,9,19,14,15,1,6,4
88,8,13,4,15,11,3,16,19,17,10,6,2,12,9,20,5,18,7,14,1
89,18,7,9,12,8,14,1,6,2,11,17,5,10,4,19,16,20,15,13,3
90,16,2,8,20,11,7,6,18,3,17,9,15,14,4,5,10,12,1,19,13
91,18,6,20,5,17,8,14,11,12,3,9,15,10,16,19,2,1,7,4,13
92,18,19,20,8,7,14,16,2,17,10,9,6,15,4,12,13,1,5,3,11
93,9,3,14,7,19,4,20,8,1,5,2,10,11,6,15,18,13,12,16,17
94,15,8,18,19,5,10,13,14,11,6,7,12,1,9,20,16,2,4,17,3
95,19,5,2,14,7,4,17,1,9,15,12,20,10,8,18,3,11,6,13,16
96,17,20,14,19,8,11,18,4,10,7,1,5,9,2,16,15,6,13,3,12
97,11,1,2,10,4,19,14,8,9,6,16,3,18,7,12,17,13,15,20,5
98,5,10,4,11,9,7,13,19,18,17,8,12,16,14,20,6,1,15,2,3
99,6,20,1,14,17,7,18,11,16,2,4,15,3,9,10,8,13,19,5,12
100,5,8,15,9,14,13,12,2,18,10,20,1,3,17,7,16,4,11,6,19