J_N,M_1,P_1,M_2,P_2,M_3,P_3,M_4,P_4,M_5,P_5,M_6,P_6,M_7,P_7,M_8,P_8,M_9,P_9,M_10,P_10,M_11,P_11,M_12,P_12,M_13,P_13,M_14,P_14,M_15,P_15,M_16,P_16,M_17,P_17,M_18,P_18,M_19,P_19,M_20,P_20
1,12,83,8,59,19,49,16,84,1,35,9,68,20,58,7,66,14,44,15,2,18,63,3,25,5,70,2,1,17,84,4,56,10,35,6,46,13,81,11,58
2,1,11,15,67,8,45,2,86,12,91,17,60,7,61,5,6,9,95,6,18,14,7,19,73,10,3,18,92,16,30,13,93,20,7,11,37,3,14,4,9
3,16,34,5,5,11,2,15,72,6,26,14,55,10,24,20,61,9,28,17,98,8,3,13,1,12,28,2,92,4,39,7,26,1,91,3,41,19,6,18,92
4,1,9,6,77,12,47,8,45,7,82,11,20,5,86,19,88,4,18,9,83,15,22,10,73,18,92,3,84,20,68,14,55,2,65,17,10,16,64,13,60
5,4,62,11,75,2,29,14,81,19,89,20,34,6,34,12,24,7,98,18,95,9,60,15,23,10,54,17,72,5,3,13,82,3,41,1,49,16,97,8,49
6,4,80,2,95,18,51,17,96,3,24,6,15,15,90,13,73,12,99,8,68,14,96,20,67,16,96,11,56,1,23,7,38,19,97,9,44,10,41,5,83
7,18,8,14,92,19,66,2,59,10,31,9,63,12,2,5,13,17,32,6,39,4,53,11,24,3,85,13,25,15,53,1,90,7,49,8,42,20,54,16,1
8,20,10,15,68,17,86,18,26,8,64,10,30,12,78,3,71,16,95,4,17,19,92,6,30,13,41,7,54,2,12,5,4,9,17,14,60,11,54,1,83
9,11,24,4,23,6,46,9,39,15,32,5,40,17,52,3,36,18,83,16,23,19,18,8,92,13,95,10,67,20,31,14,25,1,69,12,46,2,51,7,93
10,16,54,3,81,8,37,12,52,13,66,5,2,18,96,9,95,1,44,11,91,15,83,6,67,10,22,7,44,4,1,20,21,14,45,2,37,19,71,17,50
11,17,52,5,19,2,8,18,85,6,64,13,32,16,22,1,37,15,54,14,96,19,92,3,58,20,16,12,86,4,57,8,3,9,68,10,94,11,17,7,30
12,16,29,7,8,8,89,4,33,20,14,14,99,15,84,1,78,13,5,12,76,18,61,3,95,5,21,17,9,2,95,19,56,11,27,9,75,10,42,6,5
13,11,57,1,30,8,52,14,90,5,58,18,10,3,43,16,7,15,80,13,16,6,10,10,92,19,56,17,21,20,76,4,15,2,95,9,10,12,64,7,68
14,9,46,3,77,8,23,17,33,19,4,13,66,12,5,20,52,16,2,5,34,15,24,10,89,4,46,18,35,7,10,6,24,11,53,2,98,14,19,1,49
15,19,91,12,95,14,1,17,90,18,75,7,59,1,36,15,57,13,73,4,39,16,82,3,7,9,27,20,1,5,39,8,21,11,70,6,14,10,12,2,69
16,14,33,13,13,10,76,1,33,18,65,16,24,2,50,20,39,7,41,8,70,6,47,19,89,15,32,5,49,17,71,12,31,3,13,11,68,4,65,9,93
17,14,55,19,81,10,36,5,28,2,94,9,85,18,20,17,94,6,77,15,20,20,74,16,32,4,68,11,24,8,1,3,75,7,16,1,79,13,82,12,35
18,14,78,11,89,13,63,1,41,20,19,15,68,19,87,9,6,6,51,4,1,12,48,2,75,10,5,3,47,17,92,18,45,7,52,8,21,16,27,5,84
19,11,90,5,4,4,70,18,36,14,46,2,78,3,60,1,67,13,39,7,71,8,61,16,75,9,13,17,69,10,76,12,4,19,54,6,97,20,29,15,59
20,19,44,7,89,10,36,14,25,20,32,15,77,4,72,6,39,13,81,2,58,5,49,18,56,8,22,9,46,3,15,11,58,17,53,12,27,16,56,1,11
21,16,25,14,66,2,4,5,23,20,78,15,29,19,16,6,69,9,26,17,68,11,95,13,56,7,31,18,10,8,83,12,74,4,3,3,8,1,24,10,68
22,10,19,18,29,6,94,19,24,9,86,13,16,15,64,14,39,1,20,11,57,7,15,12,34,2,68,8,82,5,57,4,13,20,57,16,86,3,72,17,33
23,2,46,8,84,18,16,12,12,10,22,15,73,19,31,3,90,16,57,1,94,5,23,20,51,11,17,6,73,13,23,7,34,17,48,9,83,4,32,14,35
24,20,6,11,32,14,10,19,62,8,74,13,82,12,51,16,51,4,51,17,71,10,28,5,27,1,87,7,22,3,33,15,45,18,44,6,96,2,81,9,53
25,7,43,10,42,18,66,3,75,12,65,17,83,5,64,2,21,14,6,1,53,11,1,13,67,19,80,16,25,6,37,15,71,20,17,9,48,4,43,8,12
26,11,90,2,67,15,42,8,71,16,13,5,98,14,24,3,77,6,69,18,90,1,80,9,73,19,54,7,13,13,29,12,25,10,62,17,11,4,44,20,13
27,9,73,13,67,14,52,8,6,6,30,7,25,20,73,12,86,4,53,2,19,10,84,16,52,18,80,17,63,11,21,5,2,15,78,3,29,19,44,1,90
28,18,99,19,6,2,72,9,67,17,69,8,50,6,2,1,53,12,31,10,61,5,81,16,94,13,23,20,89,3,21,4,75,14,99,15,51,7,68,11,97
29,7,48,9,70,8,62,1,60,17,74,6,98,19,26,14,96,10,10,2,68,3,36,4,6,15,24,18,4,11,12,20,29,16,46,13,79,5,28,12,79
30,11,54,16,41,8,61,14,56,10,42,3,59,9,95,7,46,2,43,18,1,12,49,20,42,6,2,13,32,5,55,15,2,4,57,17,60,1,76,19,40
31,18,79,2,43,5,79,12,50,14,51,15,23,10,12,20,38,7,80,8,65,16,42,11,91,1,76,19,74,9,36,6,27,4,47,3,44,13,10,17,69
32,11,33,8,65,14,93,9,44,10,80,4,83,13,54,16,91,7,87,18,37,20,71,19,3,5,33,15,38,17,80,3,91,2,79,1,55,12,90,6,5
33,15,76,9,18,8,19,6,57,14,71,11,86,7,59,3,17,19,21,17,42,16,2,10,51,4,84,5,22,12,7,20,17,1,52,2,84,18,16,13,28
34,10,23,14,48,17,68,7,91,11,76,20,92,13,39,5,12,18,15,4,42,6,5,19,5,12,85,16,78,8,75,2,81,1,51,9,35,3,70,15,87
35,10,2,13,37,7,30,9,14,12,44,11,68,4,22,5,24,16,13,8,80,15,50,18,89,2,12,19,45,20,36,3,30,6,28,17,56,14,58,1,60
36,13,92,14,34,12,2,2,35,11,82,15,60,20,76,8,3,7,89,10,8,9,97,3,23,6,26,19,49,1,66,18,37,16,55,4,72,5,70,17,63
37,2,72,16,41,13,53,19,83,11,4,10,68,14,40,4,80,9,17,8,90,6,57,3,81,20,24,1,26,15,35,7,13,5,38,18,59,17,46,12,38
38,15,72,12,65,3,50,10,92,11,88,14,11,16,83,19,87,4,42,8,57,18,87,17,83,6,43,5,98,2,47,13,74,7,61,1,3,9,81,20,18
39,15,13,2,44,14,84,9,19,7,69,11,23,8,32,1,30,10,26,20,64,17,55,5,27,16,52,18,17,3,97,19,21,4,73,13,45,12,31,6,49
40,3,38,6,80,17,48,19,54,1,54,8,38,14,39,4,49,5,29,20,98,9,86,13,20,18,23,16,22,15,81,7,38,2,98,12,96,11,90,10,14
41,10,70,13,48,7,93,20,86,3,21,12,97,2,7,18,68,14,5,9,13,8,26,16,79,5,94,19,25,11,50,17,31,1,37,6,83,4,41,15,7
42,15,93,12,75,4,33,10,46,7,14,18,17,5,70,14,63,20,38,17,63,11,45,1,99,8,41,16,12,19,64,13,34,6,12,2,54,3,66,9,31
43,13,60,19,97,7,95,8,41,14,71,2,88,20,91,1,92,11,99,10,52,16,69,18,79,12,30,9,3,6,55,4,59,17,88,3,28,15,71,5,73
44,19,53,2,97,11,53,5,29,8,64,3,19,15,15,14,79,4,99,17,39,13,72,6,82,7,77,12,25,20,96,16,92,18,98,9,79,10,31,1,19
45,8,56,5,6,7,63,17,50,13,67,2,80,19,60,1,36,9,10,18,14,20,44,6,81,14,54,4,20,11,67,3,25,15,49,12,78,10,75,16,3
46,17,83,5,73,2,22,3,4,1,30,18,27,7,76,9,54,10,48,4,82,13,89,11,8,8,80,19,26,14,98,12,97,6,10,20,66,15,76,16,77
47,18,75,4,99,3,70,5,75,9,16,20,69,17,52,7,21,16,23,2,28,11,56,6,5,8,78,14,72,13,56,19,23,1,30,15,51,10,27,12,38
48,17,96,18,25,5,56,14,67,19,77,16,61,8,55,6,87,1,20,15,60,9,40,7,23,10,17,11,24,2,37,4,52,13,46,20,96,12,19,3,46
49,4,34,9,9,8,13,16,74,10,4,13,5,18,41,5,3,3,61,6,28,12,48,15,63,7,37,2,58,14,6,11,91,1,35,17,95,19,98,20,90
50,4,50,1,26,18,10,11,75,5,93,14,9,19,92,8,55,10,63,16,51,3,33,15,60,6,91,7,51,9,96,13,18,20,75,12,73,17,50,2,62
51,13,28,9,41,7,92,12,57,4,10,17,5,11,85,20,41,2,98,8,12,16,62,10,39,3,53,15,51,14,81,5,56,1,39,18,5,19,90,6,65
52,18,83,4,57,3,47,8,37,2,10,11,13,7,1,15,98,20,35,12,17,14,59,9,86,5,16,1,66,6,1,19,19,17,10,10,1,16,59,13,67
53,2,24,9,69,8,87,12,87,16,95,15,44,11,8,7,42,10,21,14,39,18,75,6,79,5,73,17,21,19,8,4,87,3,66,20,25,13,58,1,91
54,5,45,12,29,9,95,18,55,4,62,14,97,10,77,3,2,1,43,2,68,6,94,17,20,16,61,11,78,13,65,7,70,15,42,8,69,19,59,20,38
55,19,79,7,55,18,65,12,61,4,85,14,36,10,31,16,80,9,1,13,62,6,73,11,31,3,62,20,13,17,27,8,28,15,52,1,71,5,76,2,73
56,14,8,20,75,8,10,10,65,3,39,12,50,15,15,1,46,17,6,16,16,2,87,11,31,5,78,6,33,4,81,18,1,19,86,7,16,9,64,13,55
57,12,45,9,51,11,66,17,28,13,56,8,42,16,93,5,5,15,99,18,16,20,76,2,32,6,29,10,33,3,23,7,65,19,52,4,99,14,91,1,12
58,5,57,18,91,7,8,11,79,17,61,8,54,3,47,20,93,12,39,14,62,4,6,2,63,9,28,6,4,1,84,13,60,16,70,19,22,15,76,10,61
59,18,97,3,40,8,40,5,86,10,97,16,45,20,31,17,56,6,95,13,30,12,87,4,23,2,71,1,61,9,92,7,1,11,5,15,92,19,26,14,15
60,13,24,5,58,20,62,6,41,18,11,7,17,15,45,12,73,1,2,19,57,9,65,3,51,14,75,8,59,2,97,11,88,4,52,16,8,17,59,10,71
61,8,18,20,68,13,70,4,85,16,8,11,96,3,82,6,34,1,76,10,45,19,99,18,39,2,26,9,76,7,45,12,77,17,97,15,3,14,5,5,53
62,8,12,9,60,5,53,4,51,19,17,20,41,12,25,15,90,7,21,1,65,17,34,6,51,18,60,10,51,11,67,13,97,16,40,2,24,3,22,14,29
63,18,29,14,36,20,91,7,68,4,64,19,2,13,6,10,65,17,44,9,50,6,21,2,64,8,6,15,99,12,44,5,13,16,42,3,12,1,15,11,42
64,17,32,3,59,12,29,8,75,13,54,15,93,10,41,18,10,1,63,11,70,5,84,2,23,7,9,14,39,20,9,9,23,6,68,4,65,16,9,19,64
65,17,83,10,26,8,3,19,37,12,66,9,63,5,10,4,83,3,80,16,45,2,16,1,82,20,12,6,85,11,30,13,2,14,7,15,13,18,35,7,46
66,5,21,2,29,18,50,7,5,9,6,14,6,20,88,1,50,15,50,10,65,4,68,13,71,11,45,6,51,19,52,8,53,17,37,16,1,3,9,12,41
67,13,88,7,55,17,65,1,97,3,94,20,73,5,47,9,8,8,74,15,43,6,98,4,13,19,8,12,32,16,53,11,70,14,70,18,37,2,52,10,21
68,16,41,19,31,12,53,14,34,20,88,8,96,2,69,3,92,17,35,9,3,15,53,18,92,5,54,10,21,13,90,11,68,4,23,7,16,6,39,1,25
69,3,35,14,49,12,2,13,34,5,89,18,36,8,81,15,29,7,99,9,96,6,5,4,28,16,97,17,11,20,79,19,91,10,65,2,5,11,94,1,94
70,10,84,7,34,8,56,9,77,15,31,3,97,4,80,5,88,19,33,17,73,16,71,13,37,1,78,14,81,11,71,20,50,18,46,12,90,6,22,2,25
71,10,78,3,93,13,11,16,53,9,57,14,3,2,52,20,4,6,99,17,24,15,10,8,41,5,9,11,27,12,19,19,90,18,55,7,43,1,5,4,9
72,7,20,19,46,12,57,9,63,5,70,8,64,20,55,10,30,6,26,3,6,18,70,16,48,1,91,2,97,17,77,11,94,14,88,4,75,13,52,15,77
73,13,35,17,41,9,48,20,97,18,73,1,73,15,67,7,19,19,72,2,82,6,79,5,45,10,28,14,64,8,22,16,65,4,79,3,14,12,29,11,36
74,11,55,2,54,3,86,9,10,8,73,13,32,5,61,20,50,17,33,6,81,7,57,15,99,10,12,4,49,19,37,18,72,12,90,16,60,1,6,14,66
75,8,35,15,34,13,97,6,23,11,69,14,56,4,38,17,15,3,67,2,75,5,52,20,91,16,55,1,56,12,73,19,80,10,88,18,25,7,20,9,65
76,2,65,14,76,18,6,1,39,20,91,13,84,16,14,17,13,11,32,19,29,5,23,7,12,6,33,3,59,15,40,4,21,9,8,12,82,8,73,10,77
77,14,53,5,21,8,5,10,41,9,93,19,28,3,37,20,76,13,43,7,32,18,17,15,11,1,72,17,32,6,47,16,68,12,90,2,65,11,63,4,60
78,15,91,4,81,2,76,5,44,18,30,8,84,17,54,1,26,9,19,12,93,11,83,7,7,13,44,19,8,6,5,14,66,10,58,3,98,16,81,20,36
79,13,33,14,56,12,85,19,15,10,38,9,64,3,24,5,73,6,19,1,26,15,59,7,12,11,14,18,22,8,38,2,65,4,58,16,92,17,40,20,52
80,19,92,6,12,8,82,4,41,20,51,12,46,2,7,14,30,10,26,9,89,7,62,3,81,15,82,13,85,5,70,17,34,1,15,18,98,11,97,16,48
81,7,11,17,10,11,73,20,50,14,3,1,16,16,24,10,88,13,94,9,11,18,58,8,4,5,66,19,58,15,42,6,69,3,98,2,50,12,25,4,46
82,18,87,16,97,11,84,14,49,12,82,19,3,10,76,2,77,6,35,1,41,8,56,5,31,13,50,17,56,15,75,4,42,3,37,9,94,20,3,7,14
83,3,88,4,77,9,64,2,42,14,7,16,84,20,16,8,20,7,56,11,7,6,47,15,2,1,49,5,53,12,65,18,76,10,82,13,12,17,41,19,94
84,16,84,6,99,2,61,12,28,17,59,1,64,5,51,8,77,14,26,19,43,9,72,18,63,13,68,10,4,7,86,11,87,4,77,3,8,20,47,15,38
85,7,7,1,40,4,96,15,7,13,82,10,61,9,89,17,76,5,35,19,97,14,95,2,5,11,4,8,11,6,83,20,65,16,86,3,14,12,17,18,34
86,3,51,11,72,20,74,14,35,12,92,1,53,18,19,5,90,13,35,10,47,6,49,19,34,2,68,7,46,15,80,9,30,8,71,17,31,4,50,16,70
87,8,31,11,71,5,45,7,75,13,40,16,87,17,55,18,21,12,18,10,21,2,1,3,5,20,17,9,83,19,58,14,68,15,66,1,89,6,35,4,67
88,8,85,13,13,4,46,15,96,11,90,3,31,16,75,19,88,17,18,10,80,6,48,2,74,12,55,9,68,20,88,5,85,18,55,7,6,14,82,1,82
89,18,89,7,52,9,29,12,38,8,90,14,70,1,4,6,86,2,48,11,59,17,75,5,38,10,37,4,46,19,40,16,23,20,19,15,3,13,35,3,71
90,16,64,2,60,8,86,20,14,11,61,7,87,6,47,18,83,3,66,17,78,9,90,15,80,14,80,4,58,5,8,10,14,12,43,1,4,19,1,13,3
91,18,5,6,61,20,23,5,57,17,67,8,49,14,88,11,23,12,12,3,3,9,29,15,69,10,52,16,13,19,16,2,2,1,13,7,50,4,46,13,73
92,18,85,19,86,20,48,8,71,7,83,14,17,16,17,2,18,17,34,10,7,9,2,6,41,15,34,4,37,12,7,13,88,1,59,5,56,3,63,11,50
93,9,59,3,49,14,81,7,13,19,29,4,19,20,5,8,77,1,71,5,11,2,68,10,90,11,62,6,96,15,70,18,31,13,55,12,80,16,55,17,85
94,15,85,8,88,18,97,19,58,5,83,10,47,13,84,14,95,11,62,6,72,7,75,12,40,1,52,9,79,20,48,16,53,2,5,4,38,17,44,3,28
95,19,4,5,16,2,82,14,45,7,65,4,35,17,58,1,31,9,45,15,12,12,58,20,51,10,43,8,12,18,48,3,38,11,72,6,93,13,11,16,94
96,17,42,20,49,14,84,19,90,8,16,11,78,18,83,4,82,10,7,7,99,1,22,5,14,9,63,2,81,16,78,15,7,6,31,13,14,3,59,12,33
97,11,14,1,67,2,66,10,24,4,75,19,85,14,62,8,59,9,65,6,74,16,58,3,18,18,90,7,81,12,53,17,24,13,8,15,17,20,99,5,62
98,5,68,10,93,4,19,11,51,9,36,7,85,13,66,19,7,18,51,17,89,8,11,12,70,16,2,14,11,20,49,6,41,1,68,15,80,2,51,3,2
99,6,92,20,16,1,6,14,22,17,93,7,89,18,29,11,34,16,62,2,19,4,61,15,18,3,91,9,16,10,27,8,4,13,69,19,2,5,7,12,83
100,5,16,8,19,15,32,9,39,14,19,13,51,12,11,2,31,18,23,10,72,20,49,1,71,3,33,17,73,7,3,16,54,4,37,11,24,6,17,19,60